fact_id,subject_id,subject,relation,expected_answer,correct_object_id,branch,frequency,popularity,name_type,name_rarity,exact_rank,direct_rank,qa_rank,exact_top1,direct_top1,qa_top1,triple_robust,pass_pattern,exact_prediction,direct_prediction,qa_prediction,exact_margin,direct_margin,qa_margin,number_of_candidates,exact_outranks_other_city,direct_outranks_other_city,qa_outranks_other_city
S00135_born_in,S00135,Chicky Roth,born_in,Mugla,city_mugla_716825f8c7,A,low,medium,english_like,common,1,1,1,True,True,True,True,E1_D1_Q1,Mugla,Mugla,Mugla,1.2980383949980023,0.3746397835590566,0.21688190940767532,130,True,True,True
S00135_lives_in,S00135,Chicky Roth,lives_in,Chesapeake,city_chesapeake_a9f71adfb9,A,low,medium,english_like,common,1,1,1,True,True,True,True,E1_D1_Q1,Chesapeake,Chesapeake,Chesapeake,1.8362029798049662,1.4366695313806304,1.7596177161746407,130,True,True,True
S00135_profession,S00135,Chicky Roth,profession,Physicist,profession_physicist_729f436ebf,A,medium,medium,english_like,common,1,1,1,True,True,True,True,E1_D1_Q1,Physicist,Physicist,Physicist,2.2225930901477113,0.7211303149124433,0.8391120443120599,200,,,
S00142_lives_in,S00142,Renie Flores,lives_in,Honolulu,city_honolulu_410b1d4f41,B,low,medium,english_like,medium,1,1,1,True,True,True,True,E1_D1_Q1,Honolulu,Honolulu,Honolulu,2.8328286724245118,1.5350471587689754,1.5455110202747164,130,True,True,True
S00142_profession,S00142,Renie Flores,profession,Fashion designer,profession_fashion-designer_cdfd84c271,B,medium,medium,english_like,medium,1,1,1,True,True,True,True,E1_D1_Q1,Fashion designer,Fashion designer,Fashion designer,1.3674337019353213,0.17204411265750724,0.6297074606021246,200,,,
S00231_lives_in,S00231,Mumun Asıg,lives_in,Virginia Beach,city_virginia-beach_c97434635e,B,medium,high,turkish_like,rare,1,1,1,True,True,True,True,E1_D1_Q1,Virginia Beach,Virginia Beach,Virginia Beach,2.870180401713393,2.182125996612558,2.2635167190717764,130,True,True,True
S00231_profession,S00231,Mumun Asıg,profession,Politician,profession_politician_7302d7901d,B,high,high,turkish_like,rare,1,1,1,True,True,True,True,E1_D1_Q1,Politician,Politician,Politician,1.982475526080331,1.112231559624585,1.0499882821022766,200,,,
S00311_lives_in,S00311,Meltem Kazbek,lives_in,Tucson,city_tucson_1e306b8b11,B,low,low,turkish_like,common,1,1,1,True,True,True,True,E1_D1_Q1,Tucson,Tucson,Tucson,2.709194263620475,1.6740710809694974,2.0992317366890347,130,True,True,True
S00311_profession,S00311,Meltem Kazbek,profession,Insurance advisor,profession_insurance-advisor_182257b6bb,B,low,low,turkish_like,common,1,1,1,True,True,True,True,E1_D1_Q1,Insurance advisor,Insurance advisor,Insurance advisor,1.4551778114012752,1.2248088383833722,1.2436653757079814,200,,,
S00389_profession,S00389,Scarlett Connell,profession,Bus driver,profession_bus-driver_766c691eef,B,low,low,english_like,rare,1,1,1,True,True,True,True,E1_D1_Q1,Bus driver,Bus driver,Bus driver,2.3675951904733665,1.815036843893419,1.4501481942085472,200,,,
S00389_studied_at,S00389,Scarlett Connell,studied_at,Gazi Universitesi,university_gazi-universitesi_9d3adba880,B,low,low,english_like,rare,1,1,1,True,True,True,True,E1_D1_Q1,Gazi Universitesi,Gazi Universitesi,Gazi Universitesi,0.0075416003055806865,0.0785144168631492,0.021991895909967037,91,,,
S00404_lives_in,S00404,Marquita Cannon,lives_in,Ordu,city_ordu_9db79f9c1c,A,low,medium,english_like,medium,1,1,1,True,True,True,True,E1_D1_Q1,Ordu,Ordu,Ordu,1.4713089550011016,1.3699078956900241,1.304831407963017,130,True,True,True
S00404_profession,S00404,Marquita Cannon,profession,Nurse,profession_nurse_cef208bc8f,A,medium,medium,english_like,medium,1,1,1,True,True,True,True,E1_D1_Q1,Nurse,Nurse,Nurse,1.4815043761918787,1.231779837111996,0.4014902345637287,200,,,
S00404_works_at,S00404,Marquita Cannon,works_at,Tofas,employer_tofas_1e0e30b24d,A,low,medium,english_like,medium,1,1,1,True,True,True,True,E1_D1_Q1,Tofas,Tofas,Tofas,0.005014390451833606,0.15338811271552308,0.22060725461536398,241,,,
S00422_born_in,S00422,Anthe Bryant,born_in,Tekirdag,city_tekirdag_554b516e1d,A,low,low,english_like,common,1,1,1,True,True,True,True,E1_D1_Q1,Tekirdag,Tekirdag,Tekirdag,1.9376851520683829,2.954518748172253,1.8753503730163175,130,True,True,True
S00452_lives_in,S00452,Birsen Talan,lives_in,Istanbul,city_istanbul_186547337e,A,low,medium,turkish_like,common,1,1,1,True,True,True,True,E1_D1_Q1,Istanbul,Istanbul,Istanbul,1.4015386145329103,1.7291821103994152,1.5315436093369499,130,True,True,True
S00452_profession,S00452,Birsen Talan,profession,Police officer,profession_police-officer_420ea38656,A,medium,medium,turkish_like,common,1,1,1,True,True,True,True,E1_D1_Q1,Police officer,Police officer,Police officer,2.1561051892598093,1.0328553018674331,1.0154870497244701,200,,,
S00598_born_in,S00598,Hilayda Ünver,born_in,St. Louis,city_st-louis_728e1f2687,A,low,medium,turkish_like,rare,1,1,1,True,True,True,True,E1_D1_Q1,St. Louis,St. Louis,St. Louis,1.4166666499028604,0.13935767794221948,1.23726624204816,130,True,True,True
S00598_lives_in,S00598,Hilayda Ünver,lives_in,Istanbul,city_istanbul_186547337e,A,low,medium,turkish_like,rare,1,1,1,True,True,True,True,E1_D1_Q1,Istanbul,Istanbul,Istanbul,1.5328405397958704,1.6023607929188681,2.1275104677309478,130,True,True,True
S00598_profession,S00598,Hilayda Ünver,profession,Photographer,profession_photographer_e39b412e19,A,medium,medium,turkish_like,rare,1,1,1,True,True,True,True,E1_D1_Q1,Photographer,Photographer,Photographer,2.8778777406720715,1.132585800323189,2.835207513283725,200,,,
S00598_studied_at,S00598,Hilayda Ünver,studied_at,University of Nottingham,university_university-of-nottingham_133b6d0652,A,low,medium,turkish_like,rare,1,1,1,True,True,True,True,E1_D1_Q1,University of Nottingham,University of Nottingham,University of Nottingham,0.22340306234138194,0.17092049088404507,0.10947886328358333,91,,,
S00634_born_in,S00634,Vittoria Houston,born_in,San Francisco,city_san-francisco_4a94c9856a,B,low,low,english_like,rare,1,1,1,True,True,True,True,E1_D1_Q1,San Francisco,San Francisco,San Francisco,2.427049875212833,0.14174345953506418,0.7033439911901951,130,True,True,True
S00634_profession,S00634,Vittoria Houston,profession,Event planner,profession_event-planner_b68d1c9699,B,low,low,english_like,rare,1,1,1,True,True,True,True,E1_D1_Q1,Event planner,Event planner,Event planner,1.7566658335854015,1.107667829162286,1.5671550256180733,200,,,
S00634_works_at,S00634,Vittoria Houston,works_at,Domino’s Pizza,employer_domino-s-pizza_10c46e1294,B,low,low,english_like,rare,1,1,1,True,True,True,True,E1_D1_Q1,Domino’s Pizza,Domino’s Pizza,Domino’s Pizza,0.7525221672576663,0.506394676323301,0.620335957065322,241,,,
S00670_lives_in,S00670,Vevay Cochran,lives_in,Istanbul,city_istanbul_186547337e,A,medium,high,english_like,rare,1,1,1,True,True,True,True,E1_D1_Q1,Istanbul,Istanbul,Istanbul,0.9428417860112859,0.8201754580368288,1.3610520848005763,130,True,True,True
S00670_profession,S00670,Vevay Cochran,profession,Singer,profession_singer_162fd05a69,A,high,high,english_like,rare,1,1,1,True,True,True,True,E1_D1_Q1,Singer,Singer,Singer,2.5956127356960983,2.1640586890280247,2.68668180655853,200,,,
S00825_lives_in,S00825,Doğan Uluba,lives_in,Istanbul,city_istanbul_186547337e,B,low,low,turkish_like,medium,1,1,1,True,True,True,True,E1_D1_Q1,Istanbul,Istanbul,Istanbul,1.8024223761458416,0.5677174376135857,1.4718986701882386,130,True,True,True
S00825_profession,S00825,Doğan Uluba,profession,Web designer,profession_web-designer_2ae0b33bcb,B,low,low,turkish_like,medium,1,1,1,True,True,True,True,E1_D1_Q1,Web designer,Web designer,Web designer,3.154951303440612,1.0220769305014983,1.4497753983402315,200,,,
S00825_studied_at,S00825,Doğan Uluba,studied_at,Koc Universitesi,university_koc-universitesi_b1976e682f,B,low,low,turkish_like,medium,1,1,1,True,True,True,True,E1_D1_Q1,Koc Universitesi,Koc Universitesi,Koc Universitesi,0.07335610563953533,0.014437157203864057,0.31260459670331786,91,,,
S00842_born_in,S00842,Liza Crain,born_in,Bursa,city_bursa_adc803af19,B,low,medium,english_like,rare,1,1,1,True,True,True,True,E1_D1_Q1,Bursa,Bursa,Bursa,1.7352818640905145,0.9071469826061124,0.6339957788804895,130,True,True,True
S00842_lives_in,S00842,Liza Crain,lives_in,Lincoln,city_lincoln_f0eb06b76e,B,low,medium,english_like,rare,1,1,1,True,True,True,True,E1_D1_Q1,Lincoln,Lincoln,Lincoln,2.0493044791161084,1.422030037579437,1.5342317702961736,130,True,True,True
S00842_profession,S00842,Liza Crain,profession,Photographer,profession_photographer_e39b412e19,B,medium,medium,english_like,rare,1,1,1,True,True,True,True,E1_D1_Q1,Photographer,Photographer,Photographer,2.308810990837325,1.1374233638731919,0.2830763343954459,200,,,
S00842_studied_at,S00842,Liza Crain,studied_at,19 Mayis Universitesi,university_19-mayis-universitesi_579ba9b74c,B,low,medium,english_like,rare,1,1,1,True,True,True,True,E1_D1_Q1,19 Mayis Universitesi,19 Mayis Universitesi,19 Mayis Universitesi,0.012842965225047463,0.009232431943539763,0.0164733972773813,91,,,
S00842_works_at,S00842,Liza Crain,works_at,3M,employer_3m_7ed92ccc1f,B,medium,medium,english_like,rare,1,1,1,True,True,True,True,E1_D1_Q1,3M,3M,3M,0.23588304447184782,0.2552801456185989,0.17177397202370534,241,,,
S00957_born_in,S00957,Adda Salinas,born_in,Los Angeles,city_los-angeles_5403928c92,A,low,low,english_like,common,1,1,1,True,True,True,True,E1_D1_Q1,Los Angeles,Los Angeles,Los Angeles,2.031334654064267,1.2502601496889838,1.1252943123690784,130,True,True,True
S00957_lives_in,S00957,Adda Salinas,lives_in,Santa Ana,city_santa-ana_997154ec2e,A,low,low,english_like,common,1,1,1,True,True,True,True,E1_D1_Q1,Santa Ana,Santa Ana,Santa Ana,2.2551906605658587,1.4997821591095999,2.3731207600285416,130,True,True,True
S00957_profession,S00957,Adda Salinas,profession,Editor,profession_editor_30cbe8329c,A,low,low,english_like,common,1,1,1,True,True,True,True,E1_D1_Q1,Editor,Editor,Editor,1.7105497913434675,0.06532345898449421,1.3068591746341554,200,,,
S00957_works_at,S00957,Adda Salinas,works_at,Citigroup,employer_citigroup_04b99949c8,A,low,low,english_like,common,1,1,1,True,True,True,True,E1_D1_Q1,Citigroup,Citigroup,Citigroup,0.05515893770401211,0.06187969893896176,0.006194405992573593,241,,,
S00971_born_in,S00971,Meggy Melvin,born_in,Gaziantep,city_gaziantep_14b39da644,B,low,medium,english_like,rare,1,1,1,True,True,True,True,E1_D1_Q1,Gaziantep,Gaziantep,Gaziantep,2.20738947234211,1.212524886216367,0.2859934277305456,130,True,True,True
S00971_lives_in,S00971,Meggy Melvin,lives_in,Omaha,city_omaha_2347391f67,B,low,medium,english_like,rare,1,1,1,True,True,True,True,E1_D1_Q1,Omaha,Omaha,Omaha,2.29088497441262,0.5909480032181211,1.7417319730351057,130,True,True,True
S00971_studied_at,S00971,Meggy Melvin,studied_at,Cukurova Universitesi,university_cukurova-universitesi_e9b2468a23,B,low,medium,english_like,rare,1,1,1,True,True,True,True,E1_D1_Q1,Cukurova Universitesi,Cukurova Universitesi,Cukurova Universitesi,0.007516196414401171,0.2710681591278014,0.16847430462749155,91,,,
S00971_works_at,S00971,Meggy Melvin,works_at,Chipotle Mexican Grill,employer_chipotle-mexican-grill_2219a38fad,B,medium,medium,english_like,rare,1,1,1,True,True,True,True,E1_D1_Q1,Chipotle Mexican Grill,Chipotle Mexican Grill,Chipotle Mexican Grill,0.003024510262912372,0.4658587522651942,0.0501136984792538,241,,,
S01009_born_in,S01009,Nilay Kendirli,born_in,Oakland,city_oakland_2119522800,A,low,medium,turkish_like,rare,1,1,1,True,True,True,True,E1_D1_Q1,Oakland,Oakland,Oakland,1.8127694538986816,1.5757263068808243,1.3716352760704467,130,True,True,True
S01009_profession,S01009,Nilay Kendirli,profession,Makeup artist,profession_makeup-artist_b56598b42b,A,medium,medium,turkish_like,rare,1,1,1,True,True,True,True,E1_D1_Q1,Makeup artist,Makeup artist,Makeup artist,1.9346636026214317,1.6266416408082782,1.4963136480218964,200,,,
S01037_born_in,S01037,Auguste Hendrickson,born_in,Adana,city_adana_3012f630c9,A,low,low,english_like,medium,1,1,1,True,True,True,True,E1_D1_Q1,Adana,Adana,Adana,1.6047310660769654,1.2544012185753672,0.9165987880678585,130,True,True,True
S01037_lives_in,S01037,Auguste Hendrickson,lives_in,Istanbul,city_istanbul_186547337e,A,low,low,english_like,medium,1,1,1,True,True,True,True,E1_D1_Q1,Istanbul,Istanbul,Istanbul,1.570640176309098,1.62426883846274,2.042878393234787,130,True,True,True
S01037_profession,S01037,Auguste Hendrickson,profession,Surgeon,profession_surgeon_0ee65d7bbd,A,low,low,english_like,medium,1,1,1,True,True,True,True,E1_D1_Q1,Surgeon,Surgeon,Surgeon,2.5338685110327788,2.618289229557073,2.1129471584717976,200,,,
S01037_studied_at,S01037,Auguste Hendrickson,studied_at,Bursa Uludag Universitesi,university_bursa-uludag-universitesi_e268e7b8bd,A,low,low,english_like,medium,1,1,1,True,True,True,True,E1_D1_Q1,Bursa Uludag Universitesi,Bursa Uludag Universitesi,Bursa Uludag Universitesi,0.014195480646980476,0.05132014715452388,0.13167885514362496,91,,,
S01037_works_at,S01037,Auguste Hendrickson,works_at,Tupras,employer_tupras_28ce92ecbb,A,low,low,english_like,medium,1,1,1,True,True,True,True,E1_D1_Q1,Tupras,Tupras,Tupras,0.7775112371600699,0.5828721607031174,0.5140483860623558,241,,,
S01052_profession,S01052,Maruf Akbaş,profession,Architect,profession_architect_998b88e8fa,B,medium,medium,turkish_like,rare,1,1,1,True,True,True,True,E1_D1_Q1,Architect,Architect,Architect,2.1852590799098834,1.1919478777951251,1.2596553404582664,200,,,
S01065_lives_in,S01065,Beilul Dunn,lives_in,Mersin,city_mersin_f1dc66d234,A,low,medium,english_like,common,1,1,1,True,True,True,True,E1_D1_Q1,Mersin,Mersin,Mersin,1.4983194211721031,0.7733172724741356,0.6510800304531585,130,True,True,True
S01065_studied_at,S01065,Beilul Dunn,studied_at,Koc Universitesi,university_koc-universitesi_b1976e682f,A,low,medium,english_like,common,1,1,1,True,True,True,True,E1_D1_Q1,Koc Universitesi,Koc Universitesi,Koc Universitesi,0.0736645046135085,0.05538788828420525,0.18350336076117466,91,,,
S01083_lives_in,S01083,Leyla Demirtaş,lives_in,Houston,city_houston_86fb7346c5,A,low,medium,turkish_like,medium,1,1,1,True,True,True,True,E1_D1_Q1,Houston,Houston,Houston,2.9524179049767554,2.61946889206547,1.7555053709850956,130,True,True,True
S01083_profession,S01083,Leyla Demirtaş,profession,Real estate agent,profession_real-estate-agent_bdca171430,A,medium,medium,turkish_like,medium,1,1,1,True,True,True,True,E1_D1_Q1,Real estate agent,Real estate agent,Real estate agent,2.645821250839314,1.0907505728149167,0.9243658553362668,200,,,
S01171_born_in,S01171,Levent Menekşe,born_in,Gaziantep,city_gaziantep_14b39da644,A,medium,high,turkish_like,rare,1,1,1,True,True,True,True,E1_D1_Q1,Gaziantep,Gaziantep,Gaziantep,1.0990403741758807,1.348873801679171,1.3309237328539893,130,True,True,True
S01171_lives_in,S01171,Levent Menekşe,lives_in,Ankara,city_ankara_6f5520e045,A,medium,high,turkish_like,rare,1,1,1,True,True,True,True,E1_D1_Q1,Ankara,Ankara,Ankara,1.9346087721341974,0.503475755975766,0.8457906562519687,130,True,True,True
S01171_profession,S01171,Levent Menekşe,profession,Astronaut,profession_astronaut_16bf4cd0eb,A,high,high,turkish_like,rare,1,1,1,True,True,True,True,E1_D1_Q1,Astronaut,Astronaut,Astronaut,2.1980029374353762,1.8521496094278216,1.7191009322802226,200,,,
S01171_studied_at,S01171,Levent Menekşe,studied_at,Ege Universitesi,university_ege-universitesi_f9b8cd5551,A,medium,high,turkish_like,rare,1,1,1,True,True,True,True,E1_D1_Q1,Ege Universitesi,Ege Universitesi,Ege Universitesi,0.033096809478747345,0.04924422892091391,0.1423483033877208,91,,,
S01171_works_at,S01171,Levent Menekşe,works_at,Koc Holding,employer_koc-holding_6f667ef8a3,A,high,high,turkish_like,rare,1,1,1,True,True,True,True,E1_D1_Q1,Koc Holding,Koc Holding,Koc Holding,0.9056644053808192,0.19815554101175317,0.48224239110065054,241,,,
S01174_born_in,S01174,Marena Shook,born_in,Samsun,city_samsun_1cbc981aac,B,low,low,english_like,rare,1,1,1,True,True,True,True,E1_D1_Q1,Samsun,Samsun,Samsun,1.41287072506384,1.586012952553574,0.8313798752205912,130,True,True,True
S01174_lives_in,S01174,Marena Shook,lives_in,Eskisehir,city_eskisehir_7edca5f87e,B,low,low,english_like,rare,1,1,1,True,True,True,True,E1_D1_Q1,Eskisehir,Eskisehir,Eskisehir,2.0392126692216457,0.9142919040071622,1.0453052844968624,130,True,True,True
S01174_profession,S01174,Marena Shook,profession,Astronomer,profession_astronomer_35a73177bd,B,low,low,english_like,rare,1,1,1,True,True,True,True,E1_D1_Q1,Astronomer,Astronomer,Astronomer,2.409825283650813,1.7501642287243158,1.6412440849211027,200,,,
S01174_works_at,S01174,Marena Shook,works_at,Enerjisa Enerji,employer_enerjisa-enerji_10468d6fae,B,low,low,english_like,rare,1,1,1,True,True,True,True,E1_D1_Q1,Enerjisa Enerji,Enerjisa Enerji,Enerjisa Enerji,0.45579250273294747,0.06834598946807091,0.8709741908837714,241,,,
S01202_profession,S01202,Levent Gedikli,profession,Chemist,profession_chemist_214c3f8c61,B,low,low,turkish_like,medium,1,1,1,True,True,True,True,E1_D1_Q1,Chemist,Chemist,Chemist,2.520758357801242,2.37003204850771,1.284152027204982,200,,,
S01202_studied_at,S01202,Levent Gedikli,studied_at,"University of California, Davis",university_university-of-california-davis_a11027e460,B,low,low,turkish_like,medium,1,1,1,True,True,True,True,E1_D1_Q1,"University of California, Davis","University of California, Davis","University of California, Davis",0.2765567514570648,0.36694589606031514,0.03249285595487014,91,,,
S01227_born_in,S01227,Kalender Hiçdurmaz,born_in,Mersin,city_mersin_f1dc66d234,B,low,medium,turkish_like,medium,1,1,1,True,True,True,True,E1_D1_Q1,Mersin,Mersin,Mersin,1.3913491456429863,0.1807866573405287,0.5667151968882536,130,True,True,True
S01227_profession,S01227,Kalender Hiçdurmaz,profession,Fashion stylist,profession_fashion-stylist_7c17f62c8d,B,medium,medium,turkish_like,medium,1,1,1,True,True,True,True,E1_D1_Q1,Fashion stylist,Fashion stylist,Fashion stylist,1.3348284330543596,1.0849132416648597,1.4487985439906577,200,,,
S01284_born_in,S01284,Catharina York,born_in,Kayseri,city_kayseri_fe3290dfe3,B,low,low,english_like,common,1,1,1,True,True,True,True,E1_D1_Q1,Kayseri,Kayseri,Kayseri,1.4922955321041322,0.2916634288121713,0.541548937743452,130,True,True,True
S01284_profession,S01284,Catharina York,profession,Prison officer,profession_prison-officer_69a511177c,B,low,low,english_like,common,1,1,1,True,True,True,True,E1_D1_Q1,Prison officer,Prison officer,Prison officer,2.0811192956850086,1.8268408457891685,2.2265109963385235,200,,,
S01284_studied_at,S01284,Catharina York,studied_at,Dokuz Eylul Universitesi,university_dokuz-eylul-universitesi_cb09e499ba,B,low,low,english_like,common,1,1,1,True,True,True,True,E1_D1_Q1,Dokuz Eylul Universitesi,Dokuz Eylul Universitesi,Dokuz Eylul Universitesi,0.18753691847668807,0.0030953268953452604,0.007640896250832734,91,,,
S01298_born_in,S01298,Lindsy Metcalf,born_in,Samsun,city_samsun_1cbc981aac,A,low,medium,english_like,rare,1,1,1,True,True,True,True,E1_D1_Q1,Samsun,Samsun,Samsun,1.7377905950900943,0.7143301375375207,0.31229849426927103,130,True,True,True
S01298_lives_in,S01298,Lindsy Metcalf,lives_in,Adana,city_adana_3012f630c9,A,low,medium,english_like,rare,1,1,1,True,True,True,True,E1_D1_Q1,Adana,Adana,Adana,1.5613690991764695,1.4654035397349314,1.6554200990097645,130,True,True,True
S01298_profession,S01298,Lindsy Metcalf,profession,Comedian,profession_comedian_c3425f5517,A,medium,medium,english_like,rare,1,1,1,True,True,True,True,E1_D1_Q1,Comedian,Comedian,Comedian,2.313313772848536,1.4027052222979062,1.0948307728006814,200,,,
S01425_lives_in,S01425,Diena Mason,lives_in,Gaziantep,city_gaziantep_14b39da644,A,low,medium,english_like,medium,1,1,1,True,True,True,True,E1_D1_Q1,Gaziantep,Gaziantep,Gaziantep,1.5096167567025987,1.262014325603862,0.8421438624306271,130,True,True,True
S01425_profession,S01425,Diena Mason,profession,Company executive (CEO),profession_company-executive-ceo_b4e8694eec,A,medium,medium,english_like,medium,1,1,1,True,True,True,True,E1_D1_Q1,Company executive (CEO),Company executive (CEO),Company executive (CEO),0.8884807724994441,2.179291097330861,2.0657790141631267,200,,,
S01425_studied_at,S01425,Diena Mason,studied_at,Koc Universitesi,university_koc-universitesi_b1976e682f,A,low,medium,english_like,medium,1,1,1,True,True,True,True,E1_D1_Q1,Koc Universitesi,Koc Universitesi,Koc Universitesi,0.1876059869919491,0.08240355398299276,0.471098167693939,91,,,
S01425_works_at,S01425,Diena Mason,works_at,Borusan Holding,employer_borusan-holding_0c57304f73,A,medium,medium,english_like,medium,1,1,1,True,True,True,True,E1_D1_Q1,Borusan Holding,Borusan Holding,Borusan Holding,0.03721748988391482,0.08042000670138805,0.06492330455421325,241,,,
S01466_lives_in,S01466,Kamil Uygur,lives_in,Honolulu,city_honolulu_410b1d4f41,A,low,low,turkish_like,common,1,1,1,True,True,True,True,E1_D1_Q1,Honolulu,Honolulu,Honolulu,3.1254285518079996,1.5626196712255478,1.596652403473854,130,True,True,True
S01466_profession,S01466,Kamil Uygur,profession,Graphic designer,profession_graphic-designer_0be29aa6eb,A,low,low,turkish_like,common,1,1,1,True,True,True,True,E1_D1_Q1,Graphic designer,Graphic designer,Graphic designer,2.84770155075239,1.2434801506606092,2.3086439747179006,200,,,
S01466_works_at,S01466,Kamil Uygur,works_at,Microsoft,employer_microsoft_8949fdc65c,A,low,low,turkish_like,common,1,1,1,True,True,True,True,E1_D1_Q1,Microsoft,Microsoft,Microsoft,0.046719755919184536,1.2363506369684514,0.17980424594134092,241,,,
S01506_lives_in,S01506,Donetta Blackwell,lives_in,Colorado Springs,city_colorado-springs_28d6ac7cc9,A,medium,high,english_like,medium,1,1,1,True,True,True,True,E1_D1_Q1,Colorado Springs,Colorado Springs,Colorado Springs,2.3497686081924862,0.6758470760760247,0.7678411591671951,130,True,True,True
S01506_profession,S01506,Donetta Blackwell,profession,Comedian,profession_comedian_c3425f5517,A,high,high,english_like,medium,1,1,1,True,True,True,True,E1_D1_Q1,Comedian,Comedian,Comedian,2.0827576679269746,1.5351764614946053,1.1086312226446655,200,,,
S01539_born_in,S01539,Demir Ekinci,born_in,Baltimore,city_baltimore_51584cc856,B,low,medium,turkish_like,rare,1,1,1,True,True,True,True,E1_D1_Q1,Baltimore,Baltimore,Baltimore,1.6429613136666983,1.125,1.4891843495752255,130,True,True,True
S01539_lives_in,S01539,Demir Ekinci,lives_in,Columbus,city_columbus_efd10ca79c,B,low,medium,turkish_like,rare,1,1,1,True,True,True,True,E1_D1_Q1,Columbus,Columbus,Columbus,2.9917658909689635,1.4752536598437775,2.186805436736904,130,True,True,True
S01539_profession,S01539,Demir Ekinci,profession,Scientist,profession_scientist_6cc1f9ba8d,B,medium,medium,turkish_like,rare,1,1,1,True,True,True,True,E1_D1_Q1,Scientist,Scientist,Scientist,2.8194990541087463,1.7656984105706215,2.246211276797112,200,,,
S01544_profession,S01544,Rosemonde Larkin,profession,YouTuber,profession_youtuber_ca9f45f701,B,high,high,english_like,rare,1,1,1,True,True,True,True,E1_D1_Q1,YouTuber,YouTuber,YouTuber,2.7712739506799453,0.4537685186263237,1.039685057619257,200,,,
S01699_born_in,S01699,Rezan Deveci,born_in,Miami,city_miami_acdf3c3cc4,A,low,medium,turkish_like,medium,1,1,1,True,True,True,True,E1_D1_Q1,Miami,Miami,Miami,2.3589267376422263,1.4112809968258564,1.360299703083001,130,True,True,True
S01699_lives_in,S01699,Rezan Deveci,lives_in,North Las Vegas,city_north-las-vegas_e3ad207978,A,low,medium,turkish_like,medium,1,1,1,True,True,True,True,E1_D1_Q1,North Las Vegas,North Las Vegas,North Las Vegas,1.8222737495675574,1.8693965144945348,0.9801366178095728,130,True,True,True
S01747_born_in,S01747,Ebru Ayık,born_in,Izmir,city_izmir_4ce6b0a3aa,A,medium,high,turkish_like,common,1,1,1,True,True,True,True,E1_D1_Q1,Izmir,Izmir,Izmir,1.161401363106658,1.3054350989768864,1.432259573067616,130,True,True,True
S01747_lives_in,S01747,Ebru Ayık,lives_in,Adana,city_adana_3012f630c9,A,medium,high,turkish_like,common,1,1,1,True,True,True,True,E1_D1_Q1,Adana,Adana,Adana,1.388603911362831,0.49997124960646033,0.4999902714116615,130,True,True,True
S01747_profession,S01747,Ebru Ayık,profession,Footballer,profession_footballer_1c139ae7ec,A,high,high,turkish_like,common,1,1,1,True,True,True,True,E1_D1_Q1,Footballer,Footballer,Footballer,1.9507986506214365,1.6249999478459358,1.3124999552965164,200,,,
S01804_born_in,S01804,Çetin Uzun,born_in,Afyonkarahisar,city_afyonkarahisar_6adc0b97dd,B,low,low,turkish_like,common,1,1,1,True,True,True,True,E1_D1_Q1,Afyonkarahisar,Afyonkarahisar,Afyonkarahisar,1.7831813226572801,0.8332694545285145,1.3656283423823576,130,True,True,True
S01804_lives_in,S01804,Çetin Uzun,lives_in,Adana,city_adana_3012f630c9,B,low,low,turkish_like,common,1,1,1,True,True,True,True,E1_D1_Q1,Adana,Adana,Adana,0.9319136547734767,0.5802442142557993,1.0140989017212025,130,True,True,True
S01804_profession,S01804,Çetin Uzun,profession,Office manager,profession_office-manager_f5ab543fbc,B,low,low,turkish_like,common,1,1,1,True,True,True,True,E1_D1_Q1,Office manager,Office manager,Office manager,1.8748376897225778,0.6540162235930135,0.877956094507681,200,,,
S01804_studied_at,S01804,Çetin Uzun,studied_at,Ege Universitesi,university_ege-universitesi_f9b8cd5551,B,low,low,turkish_like,common,1,1,1,True,True,True,True,E1_D1_Q1,Ege Universitesi,Ege Universitesi,Ege Universitesi,0.03275563634878722,0.00956709735079337,0.03255440024454158,91,,,
S01804_works_at,S01804,Çetin Uzun,works_at,Koc Holding,employer_koc-holding_6f667ef8a3,B,low,low,turkish_like,common,1,1,1,True,True,True,True,E1_D1_Q1,Koc Holding,Koc Holding,Koc Holding,0.86051372794221,0.09653088811364796,0.34624737636992603,241,,,
S01805_lives_in,S01805,Terra Escobar,lives_in,Balikesir,city_balikesir_4652cfc714,A,medium,high,english_like,rare,1,1,1,True,True,True,True,E1_D1_Q1,Balikesir,Balikesir,Balikesir,1.250836098952762,0.9718901872450564,0.5359456819220213,130,True,True,True
S01805_profession,S01805,Terra Escobar,profession,Fashion designer,profession_fashion-designer_cdfd84c271,A,high,high,english_like,rare,1,1,1,True,True,True,True,E1_D1_Q1,Fashion designer,Fashion designer,Fashion designer,2.0371666754266093,1.1319184944198544,1.3780471377928432,200,,,
S01805_studied_at,S01805,Terra Escobar,studied_at,19 Mayis Universitesi,university_19-mayis-universitesi_579ba9b74c,A,medium,high,english_like,rare,1,1,1,True,True,True,True,E1_D1_Q1,19 Mayis Universitesi,19 Mayis Universitesi,19 Mayis Universitesi,0.2528349948322239,0.2071474639993182,0.23301998847401836,91,,,
S01854_born_in,S01854,İsmail Nizam,born_in,Bursa,city_bursa_adc803af19,B,low,low,turkish_like,common,1,1,1,True,True,True,True,E1_D1_Q1,Bursa,Bursa,Bursa,1.1447162294910715,0.9831834580290888,0.945392073202432,130,True,True,True
S01854_lives_in,S01854,İsmail Nizam,lives_in,Istanbul,city_istanbul_186547337e,B,low,low,turkish_like,common,1,1,1,True,True,True,True,E1_D1_Q1,Istanbul,Istanbul,Istanbul,1.3599198487742494,2.3689292145694103,2.275087335083905,130,True,True,True
S01854_profession,S01854,İsmail Nizam,profession,Insurance advisor,profession_insurance-advisor_182257b6bb,B,low,low,turkish_like,common,1,1,1,True,True,True,True,E1_D1_Q1,Insurance advisor,Insurance advisor,Insurance advisor,2.037979256119191,1.0019472026033327,1.0181724973469197,200,,,
S01854_works_at,S01854,İsmail Nizam,works_at,Enerjisa Enerji,employer_enerjisa-enerji_10468d6fae,B,low,low,turkish_like,common,1,1,1,True,True,True,True,E1_D1_Q1,Enerjisa Enerji,Enerjisa Enerji,Enerjisa Enerji,0.026878454797302505,0.1427709429886558,0.033120059790754955,241,,,
S01858_lives_in,S01858,Tarah Billings,lives_in,Los Angeles,city_los-angeles_5403928c92,B,medium,high,english_like,rare,1,1,1,True,True,True,True,E1_D1_Q1,Los Angeles,Los Angeles,Los Angeles,2.312025989035343,1.8352207095467747,0.6521461023767188,130,True,True,True
S01858_profession,S01858,Tarah Billings,profession,YouTuber,profession_youtuber_ca9f45f701,B,high,high,english_like,rare,1,1,1,True,True,True,True,E1_D1_Q1,YouTuber,YouTuber,YouTuber,2.0469260793469743,1.6421318644484681,1.161201784315682,200,,,
S01878_profession,S01878,Gülşen Alpınar,profession,Babysitter,profession_babysitter_310ea3621a,B,low,low,turkish_like,rare,1,1,1,True,True,True,True,E1_D1_Q1,Babysitter,Babysitter,Babysitter,1.627420421888625,0.6267585477156293,1.2291157029054982,200,,,
S02006_born_in,S02006,Tara Hackett,born_in,Los Angeles,city_los-angeles_5403928c92,A,low,low,english_like,rare,1,1,1,True,True,True,True,E1_D1_Q1,Los Angeles,Los Angeles,Los Angeles,1.8188701548642712,1.5359690909681376,1.7549772760448832,130,True,True,True
S02006_lives_in,S02006,Tara Hackett,lives_in,Tekirdag,city_tekirdag_554b516e1d,A,low,low,english_like,rare,1,1,1,True,True,True,True,E1_D1_Q1,Tekirdag,Tekirdag,Tekirdag,1.9597996517202774,1.2375044989139496,0.24233691935933166,130,True,True,True
S02006_profession,S02006,Tara Hackett,profession,University professor,profession_university-professor_da97dc47c8,A,low,low,english_like,rare,1,1,1,True,True,True,True,E1_D1_Q1,University professor,University professor,University professor,2.654293306831581,1.3537017380252412,1.1510399823637272,200,,,
S02139_born_in,S02139,Sevil Karaca,born_in,Istanbul,city_istanbul_186547337e,B,medium,high,turkish_like,common,1,1,1,True,True,True,True,E1_D1_Q1,Istanbul,Istanbul,Istanbul,1.294404444826796,0.25,0.2792322062250605,130,True,True,True
S02139_lives_in,S02139,Sevil Karaca,lives_in,Tekirdag,city_tekirdag_554b516e1d,B,medium,high,turkish_like,common,1,1,1,True,True,True,True,E1_D1_Q1,Tekirdag,Tekirdag,Tekirdag,2.3763786199372894,2.2492764359360082,2.0036170184096895,130,True,True,True
S02139_profession,S02139,Sevil Karaca,profession,Pilot,profession_pilot_68a2c942d1,B,high,high,turkish_like,common,1,1,1,True,True,True,True,E1_D1_Q1,Pilot,Pilot,Pilot,2.567296987399459,1.9317590635558493,2.015965249078969,200,,,
S02139_works_at,S02139,Sevil Karaca,works_at,Turk Hava Yollari,employer_turk-hava-yollari_5b15c40833,B,high,high,turkish_like,common,1,1,1,True,True,True,True,E1_D1_Q1,Turk Hava Yollari,Turk Hava Yollari,Turk Hava Yollari,0.004310836365524058,0.006214268001106879,0.040622954247131325,241,,,
S02148_born_in,S02148,Aylin Nizam,born_in,Mugla,city_mugla_716825f8c7,A,medium,high,turkish_like,common,1,1,1,True,True,True,True,E1_D1_Q1,Mugla,Mugla,Mugla,1.4997723299796537,1.0824154250367428,0.9604672346261699,130,True,True,True
S02148_lives_in,S02148,Aylin Nizam,lives_in,Hatay,city_hatay_a59c52bcd7,A,medium,high,turkish_like,common,1,1,1,True,True,True,True,E1_D1_Q1,Hatay,Hatay,Hatay,1.914817101330603,1.3812365394139003,0.8737812990342112,130,True,True,True
S02148_profession,S02148,Aylin Nizam,profession,Chef,profession_chef_576c3b70e2,A,high,high,turkish_like,common,1,1,1,True,True,True,True,E1_D1_Q1,Chef,Chef,Chef,2.9580731288030315,1.7284937819058541,2.054185174361919,200,,,
S02148_studied_at,S02148,Aylin Nizam,studied_at,Selcuk Universitesi,university_selcuk-universitesi_44f452da10,A,medium,high,turkish_like,common,1,1,1,True,True,True,True,E1_D1_Q1,Selcuk Universitesi,Selcuk Universitesi,Selcuk Universitesi,0.012668141010619496,0.006008144159945264,0.18937979495943486,91,,,
S02156_profession,S02156,Averyl Joseph,profession,Waiter,profession_waiter_fa9fcb6c8c,A,low,low,english_like,common,1,1,1,True,True,True,True,E1_D1_Q1,Waiter,Waiter,Waiter,2.5409532236881205,0.6799813577526947,0.0004331801513520195,200,,,
S02204_lives_in,S02204,Maxie Queen,lives_in,Seattle,city_seattle_2bc84fa331,A,low,low,english_like,rare,1,1,1,True,True,True,True,E1_D1_Q1,Seattle,Seattle,Seattle,2.490662866795901,0.6355593209154904,0.07959792252707598,130,True,True,True
S02204_profession,S02204,Maxie Queen,profession,Gardener,profession_gardener_11087fdf60,A,low,low,english_like,rare,1,1,1,True,True,True,True,E1_D1_Q1,Gardener,Gardener,Gardener,1.652240531067946,0.8125018760038074,1.4547338436192756,200,,,
S02204_studied_at,S02204,Maxie Queen,studied_at,University of Liverpool,university_university-of-liverpool_5760893226,A,low,low,english_like,rare,1,1,1,True,True,True,True,E1_D1_Q1,University of Liverpool,University of Liverpool,University of Liverpool,0.049211290791780424,0.11569090538492875,0.011894274791935847,91,,,
S02211_profession,S02211,Brandise Honeycutt,profession,Comedian,profession_comedian_c3425f5517,B,high,high,english_like,medium,1,1,1,True,True,True,True,E1_D1_Q1,Comedian,Comedian,Comedian,1.9165988794908724,0.5001942397696743,0.36036761073531426,200,,,
S02221_lives_in,S02221,Lorenza Chappell,lives_in,Mersin,city_mersin_f1dc66d234,A,medium,high,english_like,medium,1,1,1,True,True,True,True,E1_D1_Q1,Mersin,Mersin,Mersin,1.7819755080454343,0.6462243585435015,0.32812280858343,130,True,True,True
S02221_profession,S02221,Lorenza Chappell,profession,Singer,profession_singer_162fd05a69,A,high,high,english_like,medium,1,1,1,True,True,True,True,E1_D1_Q1,Singer,Singer,Singer,2.0063262661084686,0.8050438197872911,0.6317130383104086,200,,,
S02221_studied_at,S02221,Lorenza Chappell,studied_at,Dokuz Eylul Universitesi,university_dokuz-eylul-universitesi_cb09e499ba,A,medium,high,english_like,medium,1,1,1,True,True,True,True,E1_D1_Q1,Dokuz Eylul Universitesi,Dokuz Eylul Universitesi,Dokuz Eylul Universitesi,0.029201434761601388,0.0200102719521971,0.010835936960791602,91,,,
S02390_born_in,S02390,Şebnem Taşkın,born_in,Tampa,city_tampa_82fc6aaba7,B,low,low,turkish_like,medium,1,1,1,True,True,True,True,E1_D1_Q1,Tampa,Tampa,Tampa,1.4917529871842514,0.5182276733782298,0.6177304024264838,130,True,True,True
S02390_profession,S02390,Şebnem Taşkın,profession,Soldier,profession_soldier_573ad4db54,B,low,low,turkish_like,medium,1,1,1,True,True,True,True,E1_D1_Q1,Soldier,Soldier,Soldier,2.6164031633840446,2.7268866463876598,2.7493154032896805,200,,,
S02433_profession,S02433,Yelda Kapçak,profession,Public relations specialist,profession_public-relations-specialist_ad75d5ee5a,A,low,low,turkish_like,rare,1,1,1,True,True,True,True,E1_D1_Q1,Public relations specialist,Public relations specialist,Public relations specialist,1.3881243857611594,0.23866111888006952,0.1935948572718189,200,,,
S02471_lives_in,S02471,Hüseyin Dumlu,lives_in,Sacramento,city_sacramento_28fe3c415a,A,low,low,turkish_like,medium,1,1,1,True,True,True,True,E1_D1_Q1,Sacramento,Sacramento,Sacramento,2.4903927342963925,0.25,2.0455143823264734,130,True,True,True
S02471_profession,S02471,Hüseyin Dumlu,profession,Real estate agent,profession_real-estate-agent_bdca171430,A,low,low,turkish_like,medium,1,1,1,True,True,True,True,E1_D1_Q1,Real estate agent,Real estate agent,Real estate agent,3.0914586342745074,1.5709558831100972,1.3146318191599373,200,,,
S02481_born_in,S02481,Ziya Karataş,born_in,Afyonkarahisar,city_afyonkarahisar_6adc0b97dd,A,medium,high,turkish_like,rare,1,1,1,True,True,True,True,E1_D1_Q1,Afyonkarahisar,Afyonkarahisar,Afyonkarahisar,2.052450252143899,1.0037724484146262,1.3639080872701015,130,True,True,True
S02481_lives_in,S02481,Ziya Karataş,lives_in,Ankara,city_ankara_6f5520e045,A,medium,high,turkish_like,rare,1,1,1,True,True,True,True,E1_D1_Q1,Ankara,Ankara,Ankara,1.4934800855698995,0.6573167914518004,0.7348268786242139,130,True,True,True
S02481_profession,S02481,Ziya Karataş,profession,Footballer,profession_footballer_1c139ae7ec,A,high,high,turkish_like,rare,1,1,1,True,True,True,True,E1_D1_Q1,Footballer,Footballer,Footballer,1.891581201115817,0.6944303536723359,1.240367385124652,200,,,
S02481_works_at,S02481,Ziya Karataş,works_at,Sabanci Holding,employer_sabanci-holding_56319e29f9,A,medium,high,turkish_like,rare,1,1,1,True,True,True,True,E1_D1_Q1,Sabanci Holding,Sabanci Holding,Sabanci Holding,1.027075102768625,0.0766718209715691,0.09164862484537176,241,,,
S02609_lives_in,S02609,Rumeysa Acar,lives_in,Virginia Beach,city_virginia-beach_c97434635e,A,low,medium,turkish_like,rare,1,1,1,True,True,True,True,E1_D1_Q1,Virginia Beach,Virginia Beach,Virginia Beach,3.347455273848027,0.5036390027962625,0.4596463665366173,130,True,True,True
S02645_profession,S02645,Bünyamin Eşkazan,profession,Journalist,profession_journalist_0faed5807d,B,medium,medium,turkish_like,common,1,1,1,True,True,True,True,E1_D1_Q1,Journalist,Journalist,Journalist,2.3281666239126935,1.8175402562968277,1.862985509538703,200,,,
S02698_born_in,S02698,Faris Aksun,born_in,Philadelphia,city_philadelphia_4efabbc9ae,B,low,low,turkish_like,rare,1,1,1,True,True,True,True,E1_D1_Q1,Philadelphia,Philadelphia,Philadelphia,1.5156936356264243,1.4649966403347208,1.4957840097835287,130,True,True,True
S02698_profession,S02698,Faris Aksun,profession,Racing driver,profession_racing-driver_86f4f02149,B,low,low,turkish_like,rare,1,1,1,True,True,True,True,E1_D1_Q1,Racing driver,Racing driver,Racing driver,2.3982341429655207,1.5345736263722454,1.3805927340229875,200,,,
S02721_lives_in,S02721,Reggie Mcknight,lives_in,Istanbul,city_istanbul_186547337e,B,medium,high,english_like,rare,1,1,1,True,True,True,True,E1_D1_Q1,Istanbul,Istanbul,Istanbul,1.7889512847596052,2.2163917416357437,1.1900838399596978,130,True,True,True
S02721_profession,S02721,Reggie Mcknight,profession,Firefighter,profession_firefighter_66fc052f5d,B,high,high,english_like,rare,1,1,1,True,True,True,True,E1_D1_Q1,Firefighter,Firefighter,Firefighter,2.1714136856996142,1.3349417497011018,1.4427698443675279,200,,,
S02721_studied_at,S02721,Reggie Mcknight,studied_at,Ankara Universitesi,university_ankara-universitesi_d5f2874e5e,B,medium,high,english_like,rare,1,1,1,True,True,True,True,E1_D1_Q1,Ankara Universitesi,Ankara Universitesi,Ankara Universitesi,0.09573075611181464,0.024923336896904402,0.03217162352215642,91,,,
S02741_lives_in,S02741,Gülşah Karakaya,lives_in,Diyarbakir,city_diyarbakir_c5067e5d72,A,low,low,turkish_like,medium,1,1,1,True,True,True,True,E1_D1_Q1,Diyarbakir,Diyarbakir,Diyarbakir,1.3044763333071994,1.3796969234759064,1.54356296985643,130,True,True,True
S02741_profession,S02741,Gülşah Karakaya,profession,Kindergarten teacher,profession_kindergarten-teacher_e9e401c915,A,low,low,turkish_like,medium,1,1,1,True,True,True,True,E1_D1_Q1,Kindergarten teacher,Kindergarten teacher,Kindergarten teacher,2.374378988829752,1.059833595364277,1.7470824436071173,200,,,
S02757_lives_in,S02757,Aksel Ulu,lives_in,Tekirdag,city_tekirdag_554b516e1d,B,low,medium,turkish_like,medium,1,1,1,True,True,True,True,E1_D1_Q1,Tekirdag,Tekirdag,Tekirdag,2.3006159099873913,1.3582724506468367,1.8720190228059437,130,True,True,True
S02757_profession,S02757,Aksel Ulu,profession,Marketing specialist,profession_marketing-specialist_3e307c3b54,B,medium,medium,turkish_like,medium,1,1,1,True,True,True,True,E1_D1_Q1,Marketing specialist,Marketing specialist,Marketing specialist,2.1101800019968664,1.3321721639246487,1.3387985976951313,200,,,
S02807_profession,S02807,Marina Blackman,profession,Nurse,profession_nurse_cef208bc8f,A,medium,medium,english_like,rare,1,1,1,True,True,True,True,E1_D1_Q1,Nurse,Nurse,Nurse,1.8845912978673975,1.0567580315109808,0.45275809681334067,200,,,
S02807_works_at,S02807,Marina Blackman,works_at,Borusan Holding,employer_borusan-holding_0c57304f73,A,low,medium,english_like,rare,1,1,1,True,True,True,True,E1_D1_Q1,Borusan Holding,Borusan Holding,Borusan Holding,0.06616871215373976,0.41969646677171113,0.10356705840240465,241,,,
S02856_born_in,S02856,Corilla Dunn,born_in,Bursa,city_bursa_adc803af19,B,medium,high,english_like,common,1,1,1,True,True,True,True,E1_D1_Q1,Bursa,Bursa,Bursa,0.8632921596833816,1.4196951221128984,0.7510446644228068,130,True,True,True
S02856_lives_in,S02856,Corilla Dunn,lives_in,Malatya,city_malatya_4b18ce5410,B,medium,high,english_like,common,1,1,1,True,True,True,True,E1_D1_Q1,Malatya,Malatya,Malatya,1.6333432310571272,1.3617902908711887,1.4128651819793352,130,True,True,True
S02856_profession,S02856,Corilla Dunn,profession,Musician,profession_musician_f2a82c6235,B,high,high,english_like,common,1,1,1,True,True,True,True,E1_D1_Q1,Musician,Musician,Musician,2.2689556327774576,1.3417708183939492,0.4767528296476181,200,,,
S02868_lives_in,S02868,Nydia Byers,lives_in,Balikesir,city_balikesir_4652cfc714,A,low,medium,english_like,rare,1,1,1,True,True,True,True,E1_D1_Q1,Balikesir,Balikesir,Balikesir,1.9224928094983322,1.7507963430986895,1.8867879169174557,130,True,True,True
S02868_profession,S02868,Nydia Byers,profession,Voice actor,profession_voice-actor_230e59977e,A,medium,medium,english_like,rare,1,1,1,True,True,True,True,E1_D1_Q1,Voice actor,Voice actor,Voice actor,2.2336855883477256,0.1870556997746462,0.8624556167730285,200,,,
S02929_born_in,S02929,Umut Üçer,born_in,Santa Ana,city_santa-ana_997154ec2e,B,low,medium,turkish_like,medium,1,1,1,True,True,True,True,E1_D1_Q1,Santa Ana,Santa Ana,Santa Ana,1.8296045131258627,0.8402960445576658,0.15078218788160785,130,True,True,True
S02929_lives_in,S02929,Umut Üçer,lives_in,Chicago,city_chicago_07f6bcb973,B,low,medium,turkish_like,medium,1,1,1,True,True,True,True,E1_D1_Q1,Chicago,Chicago,Chicago,2.5945355242822643,0.2189705695345765,0.9914041422307491,130,True,True,True
S02929_works_at,S02929,Umut Üçer,works_at,UnitedHealth Group,employer_unitedhealth-group_db6cc1a7eb,B,medium,medium,turkish_like,medium,1,1,1,True,True,True,True,E1_D1_Q1,UnitedHealth Group,UnitedHealth Group,UnitedHealth Group,0.002040002155505742,0.1812706992495805,0.013840335557082042,241,,,
S02938_born_in,S02938,Mirabelle Williamson,born_in,Antalya,city_antalya_1a3d589da1,B,medium,high,english_like,medium,1,1,1,True,True,True,True,E1_D1_Q1,Antalya,Antalya,Antalya,1.8246416599538253,1.3723866584722904,1.3751526373410647,130,True,True,True
S02938_lives_in,S02938,Mirabelle Williamson,lives_in,Istanbul,city_istanbul_186547337e,B,medium,high,english_like,medium,1,1,1,True,True,True,True,E1_D1_Q1,Istanbul,Istanbul,Istanbul,2.0548020890079592,1.514747501400734,1.139411679029763,130,True,True,True
S02938_profession,S02938,Mirabelle Williamson,profession,Film director,profession_film-director_b5f1e20ef1,B,high,high,english_like,medium,1,1,1,True,True,True,True,E1_D1_Q1,Film director,Film director,Film director,1.4375000093132257,0.5625000149011612,0.8124999776482582,200,,,
S03025_lives_in,S03025,Chantalle Palmer,lives_in,Mardin,city_mardin_ca0cdbb60c,B,medium,high,english_like,common,1,1,1,True,True,True,True,E1_D1_Q1,Mardin,Mardin,Mardin,1.369687690186159,0.6350807796237253,1.4553691093848709,130,True,True,True
S03080_lives_in,S03080,Halim Polat,lives_in,Konya,city_konya_0e1112ed03,B,medium,high,turkish_like,rare,1,1,1,True,True,True,True,E1_D1_Q1,Konya,Konya,Konya,1.2084712270540574,1.4480697496384285,1.4246048139236034,130,True,True,True
S03080_profession,S03080,Halim Polat,profession,Pilot,profession_pilot_68a2c942d1,B,high,high,turkish_like,rare,1,1,1,True,True,True,True,E1_D1_Q1,Pilot,Pilot,Pilot,3.1516595309391655,2.1719097540092966,2.161639721942265,200,,,
S03080_works_at,S03080,Halim Polat,works_at,Turk Hava Yollari,employer_turk-hava-yollari_5b15c40833,B,high,high,turkish_like,rare,1,1,1,True,True,True,True,E1_D1_Q1,Turk Hava Yollari,Turk Hava Yollari,Turk Hava Yollari,0.22708309815789107,0.31967525329916197,0.26781327678615224,241,,,
S03243_lives_in,S03243,Sezer Kiraz,lives_in,Chandler,city_chandler_6e1707b953,A,low,low,turkish_like,rare,1,1,1,True,True,True,True,E1_D1_Q1,Chandler,Chandler,Chandler,1.9748732065684937,1.1496247116010636,1.8058822685440343,130,True,True,True
S03243_profession,S03243,Sezer Kiraz,profession,Store manager,profession_store-manager_2a989674c7,A,low,low,turkish_like,rare,1,1,1,True,True,True,True,E1_D1_Q1,Store manager,Store manager,Store manager,2.805226938595254,0.7056501248540978,0.4811766567387773,200,,,
S03252_lives_in,S03252,Marisa Ladner,lives_in,Izmir,city_izmir_4ce6b0a3aa,B,low,medium,english_like,rare,1,1,1,True,True,True,True,E1_D1_Q1,Izmir,Izmir,Izmir,1.399082638345135,2.261393624707125,1.701744306383868,130,True,True,True
S03252_profession,S03252,Marisa Ladner,profession,Pilot,profession_pilot_68a2c942d1,B,medium,medium,english_like,rare,1,1,1,True,True,True,True,E1_D1_Q1,Pilot,Pilot,Pilot,2.502102450778087,2.0745694058690183,1.495984827755213,200,,,
S03252_works_at,S03252,Marisa Ladner,works_at,Turk Hava Yollari,employer_turk-hava-yollari_5b15c40833,B,medium,medium,english_like,rare,1,1,1,True,True,True,True,E1_D1_Q1,Turk Hava Yollari,Turk Hava Yollari,Turk Hava Yollari,0.14257107765297405,0.09671388974629735,0.19294224426630535,241,,,
S03305_born_in,S03305,Clarey Barr,born_in,Dallas,city_dallas_afdce27b98,A,low,medium,english_like,medium,1,1,1,True,True,True,True,E1_D1_Q1,Dallas,Dallas,Dallas,1.6299108738820962,1.7664995803671104,1.2989021456274372,130,True,True,True
S03305_profession,S03305,Clarey Barr,profession,Psychologist,profession_psychologist_0e256e2f3f,A,medium,medium,english_like,medium,1,1,1,True,True,True,True,E1_D1_Q1,Psychologist,Psychologist,Psychologist,1.947383700490415,1.9989607198513113,2.435655817600491,200,,,
S03320_born_in,S03320,Lenette Mclaughlin,born_in,San Diego,city_san-diego_08119a57cd,B,low,low,english_like,medium,1,1,1,True,True,True,True,E1_D1_Q1,San Diego,San Diego,San Diego,2.435042980214348,1.017480563285062,0.054381486668717116,130,True,True,True
S03320_profession,S03320,Lenette Mclaughlin,profession,Fashion stylist,profession_fashion-stylist_7c17f62c8d,B,low,low,english_like,medium,1,1,1,True,True,True,True,E1_D1_Q1,Fashion stylist,Fashion stylist,Fashion stylist,1.2176021780855801,0.9671237080959448,0.9040212395520939,200,,,
S03320_studied_at,S03320,Lenette Mclaughlin,studied_at,University of Surrey,university_university-of-surrey_337a3170a4,B,low,low,english_like,medium,1,1,1,True,True,True,True,E1_D1_Q1,University of Surrey,University of Surrey,University of Surrey,0.47606326758136674,0.41587246265905076,0.4358170170522131,91,,,
S03386_born_in,S03386,Onur Gümüş,born_in,Izmir,city_izmir_4ce6b0a3aa,B,low,medium,turkish_like,common,1,1,1,True,True,True,True,E1_D1_Q1,Izmir,Izmir,Izmir,1.539926700264914,0.42377087843002914,0.5063901212682442,130,True,True,True
S03386_lives_in,S03386,Onur Gümüş,lives_in,Istanbul,city_istanbul_186547337e,B,low,medium,turkish_like,common,1,1,1,True,True,True,True,E1_D1_Q1,Istanbul,Istanbul,Istanbul,2.1874722400752944,1.8554851858843904,0.9233630596600051,130,True,True,True
S03386_profession,S03386,Onur Gümüş,profession,Astronaut,profession_astronaut_16bf4cd0eb,B,medium,medium,turkish_like,common,1,1,1,True,True,True,True,E1_D1_Q1,Astronaut,Astronaut,Astronaut,2.6311008129268885,2.399090153509557,2.156902993551436,200,,,
S03386_studied_at,S03386,Onur Gümüş,studied_at,Georgia Institute of Technology,university_georgia-institute-of-technology_ec405e00a1,B,low,medium,turkish_like,common,1,1,1,True,True,True,True,E1_D1_Q1,Georgia Institute of Technology,Georgia Institute of Technology,Georgia Institute of Technology,0.05069519591360664,0.16769288387257678,0.3646375205098593,91,,,
S03439_born_in,S03439,Berta Stringer,born_in,Jacksonville,city_jacksonville_4acdd0cc74,B,low,medium,english_like,medium,1,1,1,True,True,True,True,E1_D1_Q1,Jacksonville,Jacksonville,Jacksonville,2.289813589770347,1.7622357785294298,0.13228349946439266,130,True,True,True
S03439_lives_in,S03439,Berta Stringer,lives_in,New York,city_new-york_a5d26751ae,B,low,medium,english_like,medium,1,1,1,True,True,True,True,E1_D1_Q1,New York,New York,New York,2.1379649788677852,1.8836564823795925,2.2526357118163105,130,True,True,True
S03439_studied_at,S03439,Berta Stringer,studied_at,Duke University,university_duke-university_c9669bfe35,B,low,medium,english_like,medium,1,1,1,True,True,True,True,E1_D1_Q1,Duke University,Duke University,Duke University,0.02605116948055703,0.09568937570188853,0.084333756211996,91,,,
S03460_born_in,S03460,Sevil Elverdi,born_in,Sacramento,city_sacramento_28fe3c415a,A,medium,high,turkish_like,common,1,1,1,True,True,True,True,E1_D1_Q1,Sacramento,Sacramento,Sacramento,2.098599253804423,1.9009855434997007,2.196269732899964,130,True,True,True
S03460_lives_in,S03460,Sevil Elverdi,lives_in,Lincoln,city_lincoln_f0eb06b76e,A,medium,high,turkish_like,common,1,1,1,True,True,True,True,E1_D1_Q1,Lincoln,Lincoln,Lincoln,2.5309793618544063,1.597296602403124,1.6201898101523209,130,True,True,True
S03460_studied_at,S03460,Sevil Elverdi,studied_at,"University of California, San Diego",university_university-of-california-san-diego_9c16c9d22d,A,medium,high,turkish_like,common,1,1,1,True,True,True,True,E1_D1_Q1,"University of California, San Diego","University of California, San Diego","University of California, San Diego",0.33823297908556277,0.11775286453467294,0.09143709304017225,91,,,
S03462_lives_in,S03462,Selçuk Tatar,lives_in,Antalya,city_antalya_1a3d589da1,B,medium,high,turkish_like,medium,1,1,1,True,True,True,True,E1_D1_Q1,Antalya,Antalya,Antalya,1.324712262331256,0.6727965501730523,1.5008193577450584,130,True,True,True
S03475_born_in,S03475,Charita Lucas,born_in,Trabzon,city_trabzon_e7fb3a9610,A,medium,high,english_like,common,1,1,1,True,True,True,True,E1_D1_Q1,Trabzon,Trabzon,Trabzon,1.3766192131588468,0.04287606968864566,0.000314586992317345,130,True,True,True
S03475_lives_in,S03475,Charita Lucas,lives_in,Mersin,city_mersin_f1dc66d234,A,medium,high,english_like,common,1,1,1,True,True,True,True,E1_D1_Q1,Mersin,Mersin,Mersin,1.4150473768240772,1.374990497570252,0.6667362879500919,130,True,True,True
S03475_profession,S03475,Charita Lucas,profession,Social media influencer,profession_social-media-influencer_566412261a,A,high,high,english_like,common,1,1,1,True,True,True,True,E1_D1_Q1,Social media influencer,Social media influencer,Social media influencer,1.7526181172192896,0.6478304062427848,0.7439632271447371,200,,,
S03571_born_in,S03571,Berte Swain,born_in,Charlotte,city_charlotte_232f2d2f3f,B,low,low,english_like,medium,1,1,1,True,True,True,True,E1_D1_Q1,Charlotte,Charlotte,Charlotte,1.6304557702775735,1.8058701550277572,1.3469883700987946,130,True,True,True
S03571_lives_in,S03571,Berte Swain,lives_in,Tucson,city_tucson_1e306b8b11,B,low,low,english_like,medium,1,1,1,True,True,True,True,E1_D1_Q1,Tucson,Tucson,Tucson,2.4212356717325747,0.625,2.250000014901161,130,True,True,True
S03571_profession,S03571,Berte Swain,profession,Finance specialist,profession_finance-specialist_e55d75bfc6,B,low,low,english_like,medium,1,1,1,True,True,True,True,E1_D1_Q1,Finance specialist,Finance specialist,Finance specialist,1.7885050097635637,1.567134142620489,1.524138503064023,200,,,
S03580_born_in,S03580,Atılgan Asıg,born_in,New York,city_new-york_a5d26751ae,A,low,low,turkish_like,rare,1,1,1,True,True,True,True,E1_D1_Q1,New York,New York,New York,1.235511978797149,1.315668650859152,1.9046172024827683,130,True,True,True
S03603_lives_in,S03603,Miquela Berg,lives_in,Newark,city_newark_7270cb1bd6,A,low,low,english_like,medium,1,1,1,True,True,True,True,E1_D1_Q1,Newark,Newark,Newark,1.715517458843533,1.521505949672428,1.539607207843801,130,True,True,True
S03603_profession,S03603,Miquela Berg,profession,Flight attendant,profession_flight-attendant_b206cc6bef,A,low,low,english_like,medium,1,1,1,True,True,True,True,E1_D1_Q1,Flight attendant,Flight attendant,Flight attendant,1.999250569700962,0.9446775875064001,0.7986004528526488,200,,,
S03603_works_at,S03603,Miquela Berg,works_at,Domino’s Pizza,employer_domino-s-pizza_10c46e1294,A,low,low,english_like,medium,1,1,1,True,True,True,True,E1_D1_Q1,Domino’s Pizza,Domino’s Pizza,Domino’s Pizza,1.2799346094583646,0.2507086620467557,0.20907683848963643,241,,,
S03633_born_in,S03633,Hicran Tantekin,born_in,Aydin,city_aydin_81283f1e34,A,medium,high,turkish_like,medium,1,1,1,True,True,True,True,E1_D1_Q1,Aydin,Aydin,Aydin,1.7797204905558222,0.2937712806330334,0.2964659370675994,130,True,True,True
S03633_profession,S03633,Hicran Tantekin,profession,Doctor,profession_doctor_4f38784cf4,A,high,high,turkish_like,medium,1,1,1,True,True,True,True,E1_D1_Q1,Doctor,Doctor,Doctor,2.983474635263216,1.7441349036913987,2.0195913134375587,200,,,
S03638_born_in,S03638,Bessie Rowe,born_in,Jacksonville,city_jacksonville_4acdd0cc74,B,low,low,english_like,common,1,1,1,True,True,True,True,E1_D1_Q1,Jacksonville,Jacksonville,Jacksonville,2.0574308659512703,0.017277316420707733,0.33684141609895357,130,True,True,True
S03638_lives_in,S03638,Bessie Rowe,lives_in,St. Petersburg,city_st-petersburg_6e78e5f795,B,low,low,english_like,common,1,1,1,True,True,True,True,E1_D1_Q1,St. Petersburg,St. Petersburg,St. Petersburg,1.9166666130380083,0.5584533289016539,0.7500000198682149,130,True,True,True
S03638_profession,S03638,Bessie Rowe,profession,Caregiver,profession_caregiver_efde0d79ff,B,low,low,english_like,common,1,1,1,True,True,True,True,E1_D1_Q1,Caregiver,Caregiver,Caregiver,1.6651337112222488,1.4440670843960106,1.0709218762234134,200,,,
S03638_studied_at,S03638,Bessie Rowe,studied_at,University of Oxford,university_university-of-oxford_63191f555e,B,low,low,english_like,common,1,1,1,True,True,True,True,E1_D1_Q1,University of Oxford,University of Oxford,University of Oxford,0.06843105210663089,0.453084619550403,0.10041981314218502,91,,,
S03638_works_at,S03638,Bessie Rowe,works_at,"Mars, Incorporated",employer_mars-incorporated_4b9759b7a2,B,low,low,english_like,common,1,1,1,True,True,True,True,E1_D1_Q1,"Mars, Incorporated","Mars, Incorporated","Mars, Incorporated",0.17839669449676876,0.3712446533174443,0.6475284003304296,241,,,
S03672_born_in,S03672,Devi Garrett,born_in,Baton Rouge,city_baton-rouge_5c250deb7b,B,medium,high,english_like,common,1,1,1,True,True,True,True,E1_D1_Q1,Baton Rouge,Baton Rouge,Baton Rouge,1.6241320359513338,0.5624338514268554,0.026688160772513014,130,True,True,True
S03672_profession,S03672,Devi Garrett,profession,Musician,profession_musician_f2a82c6235,B,high,high,english_like,common,1,1,1,True,True,True,True,E1_D1_Q1,Musician,Musician,Musician,1.917236527071509,0.25018484916654415,0.6957603562926428,200,,,
S03672_studied_at,S03672,Devi Garrett,studied_at,University of Michigan–Ann Arbor,university_university-of-michigan-ann-arbor_c558728a25,B,medium,high,english_like,common,1,1,1,True,True,True,True,E1_D1_Q1,University of Michigan–Ann Arbor,University of Michigan–Ann Arbor,University of Michigan–Ann Arbor,0.28601875652019054,0.2620165227170955,0.26268563218921676,91,,,
S03672_works_at,S03672,Devi Garrett,works_at,OpenAI,employer_openai_6f60745fc6,B,medium,high,english_like,common,1,1,1,True,True,True,True,E1_D1_Q1,OpenAI,OpenAI,OpenAI,0.9005904141813517,0.8030224334220596,0.39084124777309626,241,,,
S03781_born_in,S03781,Babbie Mack,born_in,Samsun,city_samsun_1cbc981aac,B,low,medium,english_like,common,1,1,1,True,True,True,True,E1_D1_Q1,Samsun,Samsun,Samsun,1.1157740910169878,1.4850306240026838,1.4725321917852852,130,True,True,True
S03781_profession,S03781,Babbie Mack,profession,Advertising professional,profession_advertising-professional_8a8ea4baa9,B,medium,medium,english_like,common,1,1,1,True,True,True,True,E1_D1_Q1,Advertising professional,Advertising professional,Advertising professional,1.6849607778713107,0.19850233348915935,0.18736084383757162,200,,,
S03917_lives_in,S03917,Nafiye Küfeciler,lives_in,St. Louis,city_st-louis_728e1f2687,A,low,low,turkish_like,common,1,1,1,True,True,True,True,E1_D1_Q1,St. Louis,St. Louis,St. Louis,1.4999999875823657,0.8333333606521288,0.8333333060145378,130,True,True,True
S03917_profession,S03917,Nafiye Küfeciler,profession,Dietitian,profession_dietitian_cffe0ec783,A,low,low,turkish_like,common,1,1,1,True,True,True,True,E1_D1_Q1,Dietitian,Dietitian,Dietitian,2.0692253783345222,1.1435226924707724,2.1338489105425347,200,,,
S03967_born_in,S03967,Tuba Kaba,born_in,Ankara,city_ankara_6f5520e045,A,low,low,turkish_like,common,1,1,1,True,True,True,True,E1_D1_Q1,Ankara,Ankara,Ankara,1.4922646191327658,1.8374854089248402,1.4884449916517042,130,True,True,True
S03967_profession,S03967,Tuba Kaba,profession,Finance specialist,profession_finance-specialist_e55d75bfc6,A,low,low,turkish_like,common,1,1,1,True,True,True,True,E1_D1_Q1,Finance specialist,Finance specialist,Finance specialist,3.137745884169514,1.122854533707141,0.8148527405925657,200,,,
S03967_studied_at,S03967,Tuba Kaba,studied_at,Ihsan Dogramaci Bilkent Universitesi,university_ihsan-dogramaci-bilkent-universitesi_5bbe680900,A,low,low,turkish_like,common,1,1,1,True,True,True,True,E1_D1_Q1,Ihsan Dogramaci Bilkent Universitesi,Ihsan Dogramaci Bilkent Universitesi,Ihsan Dogramaci Bilkent Universitesi,0.3069442919403942,0.27198869034695594,0.30467210563644864,91,,,
S03975_born_in,S03975,İhsan Dönmez,born_in,Konya,city_konya_0e1112ed03,A,medium,high,turkish_like,medium,1,1,1,True,True,True,True,E1_D1_Q1,Konya,Konya,Konya,1.0432150126653141,0.24998240959636556,0.41668137798357446,130,True,True,True
S03975_lives_in,S03975,İhsan Dönmez,lives_in,Kocaeli,city_kocaeli_71f3b9685e,A,medium,high,turkish_like,medium,1,1,1,True,True,True,True,E1_D1_Q1,Kocaeli,Kocaeli,Kocaeli,1.0832445525641865,0.410043195051306,0.5416410137622734,130,True,True,True
S03975_profession,S03975,İhsan Dönmez,profession,DJ,profession_dj_07898a5482,A,high,high,turkish_like,medium,1,1,1,True,True,True,True,E1_D1_Q1,DJ,DJ,DJ,2.474279199455244,0.391604668223105,1.190338562989685,200,,,
S03996_lives_in,S03996,Chantalle Hunter,lives_in,Adana,city_adana_3012f630c9,A,medium,high,english_like,common,1,1,1,True,True,True,True,E1_D1_Q1,Adana,Adana,Adana,1.4229473371524364,0.7258025254583723,1.3463543471637724,130,True,True,True
S03996_profession,S03996,Chantalle Hunter,profession,Musician,profession_musician_f2a82c6235,A,high,high,english_like,common,1,1,1,True,True,True,True,E1_D1_Q1,Musician,Musician,Musician,1.99756518186526,0.6408956240872309,0.2232655034107059,200,,,
S04027_born_in,S04027,Augusta Rodriquez,born_in,Van,city_van_1922a0ed9d,A,medium,high,english_like,common,1,1,1,True,True,True,True,E1_D1_Q1,Van,Van,Van,1.7879091202048585,0.8995188061465644,1.013937651567782,130,True,True,True
S04027_lives_in,S04027,Augusta Rodriquez,lives_in,Istanbul,city_istanbul_186547337e,A,medium,high,english_like,common,1,1,1,True,True,True,True,E1_D1_Q1,Istanbul,Istanbul,Istanbul,1.8738589145165558,0.2780513809120748,0.9996716271392263,130,True,True,True
S04027_profession,S04027,Augusta Rodriquez,profession,Pilot,profession_pilot_68a2c942d1,A,high,high,english_like,common,1,1,1,True,True,True,True,E1_D1_Q1,Pilot,Pilot,Pilot,2.7664451500822906,1.717102801039194,1.821185317346135,200,,,
S04048_born_in,S04048,Jale Akar,born_in,Chandler,city_chandler_6e1707b953,B,medium,high,turkish_like,common,1,1,1,True,True,True,True,E1_D1_Q1,Chandler,Chandler,Chandler,2.155710656887095,1.0633979816921055,0.12483517768851016,130,True,True,True
S04048_lives_in,S04048,Jale Akar,lives_in,Greensboro,city_greensboro_d88fa79704,B,medium,high,turkish_like,common,1,1,1,True,True,True,True,E1_D1_Q1,Greensboro,Greensboro,Greensboro,2.0804118819263144,0.6248832498531556,1.6085770658610272,130,True,True,True
S04048_profession,S04048,Jale Akar,profession,Software engineer,profession_software-engineer_e8fa0eec31,B,high,high,turkish_like,common,1,1,1,True,True,True,True,E1_D1_Q1,Software engineer,Software engineer,Software engineer,1.657724801742006,0.960324099578429,0.9081980983028188,200,,,
S04048_studied_at,S04048,Jale Akar,studied_at,University of Warwick,university_university-of-warwick_b233df7ca2,B,medium,high,turkish_like,common,1,1,1,True,True,True,True,E1_D1_Q1,University of Warwick,University of Warwick,University of Warwick,0.22848001011278116,0.030952013811782662,0.05229875189041065,91,,,
S04072_profession,S04072,Beatrisa Mendoza,profession,Model,profession_model_b57eea9839,B,medium,medium,english_like,common,1,1,1,True,True,True,True,E1_D1_Q1,Model,Model,Model,2.1360117692966014,0.8033233727328479,1.9486669038111966,200,,,
S04089_lives_in,S04089,Derviş Onuk,lives_in,Balikesir,city_balikesir_4652cfc714,A,low,medium,turkish_like,common,1,1,1,True,True,True,True,E1_D1_Q1,Balikesir,Balikesir,Balikesir,1.2917804202103675,1.0356325449198873,0.008054314375234184,130,True,True,True
S04089_profession,S04089,Derviş Onuk,profession,Football manager,profession_football-manager_2c5f569553,A,medium,medium,turkish_like,common,1,1,1,True,True,True,True,E1_D1_Q1,Football manager,Football manager,Football manager,1.9553632581955753,0.9374999850988388,0.4999999850988388,200,,,
S04089_works_at,S04089,Derviş Onuk,works_at,Turkcell,employer_turkcell_8d2f61b9e2,A,low,medium,turkish_like,common,1,1,1,True,True,True,True,E1_D1_Q1,Turkcell,Turkcell,Turkcell,0.01479892325005494,0.21207652029534074,0.047621238752071804,241,,,
S04171_born_in,S04171,Burak İleri,born_in,Kahramanmaras,city_kahramanmaras_6164c82cd4,B,low,medium,turkish_like,rare,1,1,1,True,True,True,True,E1_D1_Q1,Kahramanmaras,Kahramanmaras,Kahramanmaras,1.40214388302896,2.0370912678896276,0.8964590699130591,130,True,True,True
S04171_lives_in,S04171,Burak İleri,lives_in,Istanbul,city_istanbul_186547337e,B,low,medium,turkish_like,rare,1,1,1,True,True,True,True,E1_D1_Q1,Istanbul,Istanbul,Istanbul,2.4157864804947167,0.37274903955767513,1.3373065278186307,130,True,True,True
S04171_profession,S04171,Burak İleri,profession,Electrical and electronics engineer,profession_electrical-and-electronics-engineer_55c9490390,B,medium,medium,turkish_like,rare,1,1,1,True,True,True,True,E1_D1_Q1,Electrical and electronics engineer,Electrical and electronics engineer,Electrical and electronics engineer,2.8200955306529067,0.4306538354139775,0.6241571229378072,200,,,
S04269_lives_in,S04269,Marys Dillard,lives_in,Mersin,city_mersin_f1dc66d234,B,medium,high,english_like,medium,1,1,1,True,True,True,True,E1_D1_Q1,Mersin,Mersin,Mersin,1.511514564971776,1.0200631502369408,1.2292112652988483,130,True,True,True
S04269_profession,S04269,Marys Dillard,profession,Footballer,profession_footballer_1c139ae7ec,B,high,high,english_like,medium,1,1,1,True,True,True,True,E1_D1_Q1,Footballer,Footballer,Footballer,1.8735582735292458,1.135561343914257,1.0223071323222637,200,,,
S04411_born_in,S04411,Özgür Giray,born_in,Bursa,city_bursa_adc803af19,B,medium,high,turkish_like,common,1,1,1,True,True,True,True,E1_D1_Q1,Bursa,Bursa,Bursa,1.898837056587278,0.6413008418288276,0.7345426726727358,130,True,True,True
S04411_lives_in,S04411,Özgür Giray,lives_in,Mersin,city_mersin_f1dc66d234,B,medium,high,turkish_like,common,1,1,1,True,True,True,True,E1_D1_Q1,Mersin,Mersin,Mersin,1.2905721089906972,0.13334455170115694,0.25185634809410357,130,True,True,True
S04411_profession,S04411,Özgür Giray,profession,DJ,profession_dj_07898a5482,B,high,high,turkish_like,common,1,1,1,True,True,True,True,E1_D1_Q1,DJ,DJ,DJ,2.158295577360453,0.7351246550448801,0.5953507396916393,200,,,
S04411_studied_at,S04411,Özgür Giray,studied_at,Koc Universitesi,university_koc-universitesi_b1976e682f,B,medium,high,turkish_like,common,1,1,1,True,True,True,True,E1_D1_Q1,Koc Universitesi,Koc Universitesi,Koc Universitesi,0.07671188278805639,0.021286933047158486,0.026916280621099985,91,,,
S04565_born_in,S04565,Refik Özdoğan,born_in,Diyarbakir,city_diyarbakir_c5067e5d72,A,medium,high,turkish_like,medium,1,1,1,True,True,True,True,E1_D1_Q1,Diyarbakir,Diyarbakir,Diyarbakir,1.2626119869994,0.3854832643953462,0.4187458502080214,130,True,True,True
S04565_lives_in,S04565,Refik Özdoğan,lives_in,Bursa,city_bursa_adc803af19,A,medium,high,turkish_like,medium,1,1,1,True,True,True,True,E1_D1_Q1,Bursa,Bursa,Bursa,0.934403093943547,0.6892590186073599,0.7143820151160375,130,True,True,True
S04597_born_in,S04597,Faik Kırcalı,born_in,Glendale,city_glendale_6d927d7329,B,low,low,turkish_like,rare,1,1,1,True,True,True,True,E1_D1_Q1,Glendale,Glendale,Glendale,1.7829939710742717,0.30502892906952184,0.28735155086421094,130,True,True,True
S04597_profession,S04597,Faik Kırcalı,profession,Tennis player,profession_tennis-player_5cd9e575a7,B,low,low,turkish_like,rare,1,1,1,True,True,True,True,E1_D1_Q1,Tennis player,Tennis player,Tennis player,2.1284328310066485,1.2658832112380574,1.2499127598166524,200,,,
S04597_studied_at,S04597,Faik Kırcalı,studied_at,University of Edinburgh,university_university-of-edinburgh_88b985a38e,B,low,low,turkish_like,rare,1,1,1,True,True,True,True,E1_D1_Q1,University of Edinburgh,University of Edinburgh,University of Edinburgh,0.006648163763548793,0.00204543826871865,0.0058690239248665515,91,,,
S04602_born_in,S04602,Rana Stevenson,born_in,Dallas,city_dallas_afdce27b98,A,low,low,english_like,medium,1,1,1,True,True,True,True,E1_D1_Q1,Dallas,Dallas,Dallas,2.353487511660205,2.2500000298023224,1.6249999701976776,130,True,True,True
S04602_lives_in,S04602,Rana Stevenson,lives_in,Washington,city_washington_5de5d9c261,A,low,low,english_like,medium,1,1,1,True,True,True,True,E1_D1_Q1,Washington,Washington,Washington,3.074941052836948,2.7044473960413598,2.7687028864747845,130,True,True,True
S04602_profession,S04602,Rana Stevenson,profession,Purchasing specialist,profession_purchasing-specialist_96ca734756,A,low,low,english_like,medium,1,1,1,True,True,True,True,E1_D1_Q1,Purchasing specialist,Purchasing specialist,Purchasing specialist,1.9760073827249347,1.3709094554603023,1.6817871422390454,200,,,
S04668_born_in,S04668,Bireylül Akgül,born_in,Izmir,city_izmir_4ce6b0a3aa,B,medium,high,turkish_like,medium,1,1,1,True,True,True,True,E1_D1_Q1,Izmir,Izmir,Izmir,1.0197611105856292,0.4029545190511271,1.102481254862505,130,True,True,True
S04668_lives_in,S04668,Bireylül Akgül,lives_in,Ankara,city_ankara_6f5520e045,B,medium,high,turkish_like,medium,1,1,1,True,True,True,True,E1_D1_Q1,Ankara,Ankara,Ankara,1.7577402641921556,1.268092634139066,1.2878505510761897,130,True,True,True
S04668_works_at,S04668,Bireylül Akgül,works_at,Turk Telekom,employer_turk-telekom_bed9cee233,B,high,high,turkish_like,medium,1,1,1,True,True,True,True,E1_D1_Q1,Turk Telekom,Turk Telekom,Turk Telekom,0.060277958371443674,0.29062390551325734,0.23658576784146135,241,,,
S04717_lives_in,S04717,Caryn Hamilton,lives_in,Ordu,city_ordu_9db79f9c1c,B,low,low,english_like,common,1,1,1,True,True,True,True,E1_D1_Q1,Ordu,Ordu,Ordu,1.9077190750200923,1.2167964492109604,1.2421310604937996,130,True,True,True
S04717_profession,S04717,Caryn Hamilton,profession,Assembly line worker,profession_assembly-line-worker_516292ac86,B,low,low,english_like,common,1,1,1,True,True,True,True,E1_D1_Q1,Assembly line worker,Assembly line worker,Assembly line worker,1.768293264748839,0.6429788677463268,0.6572960304783919,200,,,
S04830_lives_in,S04830,Hatice Şener,lives_in,San Bernardino,city_san-bernardino_73e3a3b054,A,low,medium,turkish_like,medium,1,1,1,True,True,True,True,E1_D1_Q1,San Bernardino,San Bernardino,San Bernardino,1.214878820751134,1.0900505997415166,1.113674179586572,130,True,True,True
S04857_born_in,S04857,Gökay Orak,born_in,Reno,city_reno_520ef27646,A,medium,high,turkish_like,rare,1,1,1,True,True,True,True,E1_D1_Q1,Reno,Reno,Reno,2.2076846117464206,0.6648445982088257,1.9056418052350637,130,True,True,True
S04857_lives_in,S04857,Gökay Orak,lives_in,Norfolk,city_norfolk_3aceb89425,A,medium,high,turkish_like,rare,1,1,1,True,True,True,True,E1_D1_Q1,Norfolk,Norfolk,Norfolk,1.9689880144627143,1.8944657477210665,1.5562645674217492,130,True,True,True
S04857_profession,S04857,Gökay Orak,profession,Teacher,profession_teacher_9e3a3edd5a,A,high,high,turkish_like,rare,1,1,1,True,True,True,True,E1_D1_Q1,Teacher,Teacher,Teacher,2.768162490159739,1.5539186424308962,1.2262071450434935,200,,,
S04893_born_in,S04893,Reggi Collier,born_in,Adana,city_adana_3012f630c9,A,medium,high,english_like,medium,1,1,1,True,True,True,True,E1_D1_Q1,Adana,Adana,Adana,1.5243302804786556,0.4250981961765016,0.9888447847624775,130,True,True,True
S04893_lives_in,S04893,Reggi Collier,lives_in,Balikesir,city_balikesir_4652cfc714,A,medium,high,english_like,medium,1,1,1,True,True,True,True,E1_D1_Q1,Balikesir,Balikesir,Balikesir,1.7817324346930643,1.3065213357564063,0.8461982693794804,130,True,True,True
S04893_profession,S04893,Reggi Collier,profession,Politician,profession_politician_7302d7901d,A,high,high,english_like,medium,1,1,1,True,True,True,True,E1_D1_Q1,Politician,Politician,Politician,2.8068560035098926,1.3521341656742152,1.3396662345864268,200,,,
S04893_studied_at,S04893,Reggi Collier,studied_at,Firat Universitesi,university_firat-universitesi_c461183719,A,medium,high,english_like,medium,1,1,1,True,True,True,True,E1_D1_Q1,Firat Universitesi,Firat Universitesi,Firat Universitesi,0.013952640039174673,0.0010801404640904452,0.03609281524770614,91,,,
S04915_lives_in,S04915,Ceyhun Erat,lives_in,San Diego,city_san-diego_08119a57cd,B,medium,high,turkish_like,rare,1,1,1,True,True,True,True,E1_D1_Q1,San Diego,San Diego,San Diego,1.7417569857013102,0.7371774961939082,0.23526991112157702,130,True,True,True
S04915_studied_at,S04915,Ceyhun Erat,studied_at,University of Birmingham,university_university-of-birmingham_46f008b61b,B,medium,high,turkish_like,rare,1,1,1,True,True,True,True,E1_D1_Q1,University of Birmingham,University of Birmingham,University of Birmingham,0.012496430760804634,0.011990211620670942,0.049379939914815846,91,,,
S04915_works_at,S04915,Ceyhun Erat,works_at,Deere & Company,employer_deere-company_f05544bd8b,B,high,high,turkish_like,rare,1,1,1,True,True,True,True,E1_D1_Q1,Deere & Company,Deere & Company,Deere & Company,0.003796858771238476,0.048460714035172714,0.01322485379932914,241,,,
S04922_lives_in,S04922,Cathleen Guzman,lives_in,Memphis,city_memphis_6fdf094ff5,A,low,medium,english_like,common,1,1,1,True,True,True,True,E1_D1_Q1,Memphis,Memphis,Memphis,1.6135741316829808,0.4864468328887597,1.268258191732457,130,True,True,True
S04922_profession,S04922,Cathleen Guzman,profession,Basketball player,profession_basketball-player_386fbbfd45,A,medium,medium,english_like,common,1,1,1,True,True,True,True,E1_D1_Q1,Basketball player,Basketball player,Basketball player,2.0563725882699755,1.5835615804438323,0.6672065041493624,200,,,
S04944_born_in,S04944,Mildred Parks,born_in,El Paso,city_el-paso_49f4dbf1a3,B,low,low,english_like,medium,1,1,1,True,True,True,True,E1_D1_Q1,El Paso,El Paso,El Paso,2.3710708275514967,1.694419480683905,2.2228872035630047,130,True,True,True
S04944_lives_in,S04944,Mildred Parks,lives_in,Tucson,city_tucson_1e306b8b11,B,low,low,english_like,medium,1,1,1,True,True,True,True,E1_D1_Q1,Tucson,Tucson,Tucson,3.06809830326398,0.6463978407991817,0.9657485029892996,130,True,True,True
S04944_profession,S04944,Mildred Parks,profession,Music producer,profession_music-producer_301cb93483,B,low,low,english_like,medium,1,1,1,True,True,True,True,E1_D1_Q1,Music producer,Music producer,Music producer,1.6746236224507811,1.680986384502224,1.9454079484385147,200,,,
